{
  "IE_full_2022_2025": {
    "point": -0.26000000000000006,
    "ci_95": [
      -0.6034166666666665,
      0.1434166666666665
    ]
  },
  "IE_threshold_invariant_2022_2025": {
    "point": -0.2666666666666666,
    "ci_95": [
      -0.6000833333333333,
      0.09999999999999994
    ]
  }
}