{
  "UK_2017_2020": {
    "start": 9.3,
    "end": 10.0,
    "years": 3,
    "pp_per_year": 0.2333333333333331
  },
  "UK_2017_2025_full": {
    "start": 9.3,
    "end": 8.11,
    "years": 8,
    "pp_per_year": -0.14875000000000016
  },
  "UK_2022_2025_match_calendar": {
    "start": 9.18,
    "end": 8.11,
    "years": 3,
    "pp_per_year": -0.35666666666666674
  }
}