{
  "winning_exp": "P25.3",
  "winning_mae": 1.1928436019590922,
  "transfer": {
    "gmaw_to_gtaw": {
      "mae": 3.9474985599517822,
      "r2": 0.3853132724761963,
      "rmse": 4.593599693278665
    },
    "gtaw_to_gmaw": {
      "mae": 9.761079788208008,
      "r2": -0.7514646053314209,
      "rmse": 11.829137640354563
    },
    "gtaw_in_family": {
      "mae": 0.7116433848937352,
      "r2": 0.9694012992709521,
      "rmse": 1.0248910582808828
    },
    "transfer_gap_mm": 3.235855175058047,
    "relative_gap_pct": 454.7017851562317
  },
  "h1_test": {
    "mae": 5.919402354116033,
    "r2": 0.4849523733416431,
    "verdict": "REFUTED"
  }
}