scenario,name,baseline_awt,baseline_aql,baseline_thru,ctrl_awt,ctrl_aql,ctrl_thru,awt_delta_pct
uniform_low,Uniform low (300 veh/hr/approach),16.40719278565678,5.45574074074074,1192.0,16.40719278565678,5.45574074074074,1192.0,0.0
uniform_med,Uniform medium (450 veh/hr/approach),23.459623541566653,11.501851851851853,1726.6666666666667,23.459623541566653,11.501851851851853,1726.6666666666667,0.0
uniform_high,Uniform high (600 veh/hr/approach),29.98092262860116,19.560555555555556,2307.3333333333335,29.98092262860116,19.560555555555556,2307.3333333333335,0.0
asymmetric,"Asymmetric (N-S 700, E-W 200 veh/hr)",21.141141160035016,10.299074074074076,1736.0,21.141141160035016,10.299074074074076,1736.0,0.0
peak_hour,Peak-hour sinusoid (250 -> 650 veh/hr),43.81111490500144,21.25814814814815,1740.6666666666667,43.81111490500144,21.25814814814815,1740.6666666666667,0.0
