tournament_id,family,params,loglik,aic,rmse
T01,climatology-proportion,p=0.792,-12.281761762017824,26.56352352403565,
T02,logistic-regime-DID,b0=17.389 b1=-16.166,-11.791117618849189,27.582235237698377,
T03,logistic-year-ITS,b0=1.694 b1=-0.359,-11.73587950413542,27.47175900827084,
T04,survival-cox-proxy,b1=-16.166,-11.791117618849189,29.582235237698377,
T05,ridge-linear-2feat,beta=[1.378, -0.53, -0.128],,,0.3652158475043623
