mirror_a	R_a	mirror_b	R_b	length_m	finesse_est
MB4_4_d	7.971355e-01	ML_4_5	9.469576e-01	2.3255	22.32
MB4_4_r	8.390625e-01	ML_5_4	9.419442e-01	6.3701	26.69
MB2_2_r	5.717360e-01	MB3_2_l	8.222148e-01	92.1656	8.27
MB3_3_r	5.186815e-01	MB4_3_l	5.003761e-01	3846.9567	4.57
