model,pr_auc,pr_auc_lo,pr_auc_hi,roc_auc,brier,prec_at_top10pct
XGBoost,0.9809457576933077,0.9800532754301,0.9817063834425069,0.8116298384324855,0.14360326528549194,0.9838807051436851
LightGBM,0.9789329996279756,0.9780830373746738,0.9797365668426931,0.798902788710709,0.04899023058392121,0.9812243419463897
Logistic,0.9789877369309522,0.9780911867976745,0.9797993543650396,0.7944333257827505,0.15241595744403813,0.9795339290026563
RandomForest,0.9806740200082,0.979842595465378,0.9813982799943695,0.8089528218838735,0.13884383482824456,0.9858729775416566
