{
  "total_candidates": 2394,
  "pareto_size": 29,
  "max_strength": 35.934906005859375,
  "min_time": 0.12155381944444446,
  "best_strength_per_hour": 137.899997102163,
  "best_strength_per_kwh": 668.992093493889,
  "n_above_25_MPa": 586,
  "n_above_30_MPa": 247,
  "best_fast_25_MPa_setting": {
    "layer_height": 0.2,
    "wall_thickness": 3.0,
    "infill_density": 70.0,
    "infill_pattern": 1.0,
    "nozzle_temperature": 215.0,
    "bed_temperature": 60.0,
    "print_speed": 120.0,
    "material": 1.0,
    "fan_speed": 75.0,
    "source": "pla_sweep",
    "predicted_strength": 30.110321044921875,
    "print_time_hours": 0.24341001157407402,
    "energy_kwh": 0.0486820023148148,
    "strength_per_hour": 123.70206488305747,
    "strength_per_kwh": 618.5103244152874
  },
  "top5_efficiency": [
    {
      "layer_height": 0.2,
      "wall_thickness": 7.0,
      "infill_density": 30.0,
      "infill_pattern": 0.0,
      "nozzle_temperature": 215.0,
      "bed_temperature": 80.0,
      "print_speed": 120.0,
      "material": 0.0,
      "fan_speed": 25.0,
      "source": "latin_hypercube",
      "predicted_strength": 22.7249698638916,
      "print_time_hours": 0.1647931134259259,
      "energy_kwh": 0.034441760706018516,
      "strength_per_hour": 137.899997102163,
      "strength_per_kwh": 659.8085985749426
    },
    {
      "layer_height": 0.2,
      "wall_thickness": 3.0,
      "infill_density": 30.0,
      "infill_pattern": 1.0,
      "nozzle_temperature": 220.0,
      "bed_temperature": 60.0,
      "print_speed": 120.0,
      "material": 1.0,
      "fan_speed": 50.0,
      "source": "pla_sweep",
      "predicted_strength": 20.43077850341797,
      "print_time_hours": 0.1526982060185185,
      "energy_kwh": 0.0305396412037037,
      "strength_per_hour": 133.7984186987778,
      "strength_per_kwh": 668.992093493889
    },
    {
      "layer_height": 0.2,
      "wall_thickness": 3.0,
      "infill_density": 30.0,
      "infill_pattern": 1.0,
      "nozzle_temperature": 220.0,
      "bed_temperature": 60.0,
      "print_speed": 120.0,
      "material": 1.0,
      "fan_speed": 75.0,
      "source": "pla_sweep",
      "predicted_strength": 20.333967208862305,
      "print_time_hours": 0.1526982060185185,
      "energy_kwh": 0.0305396412037037,
      "strength_per_hour": 133.1644145602883,
      "strength_per_kwh": 665.8220728014414
    },
    {
      "layer_height": 0.2,
      "wall_thickness": 3.0,
      "infill_density": 30.0,
      "infill_pattern": 1.0,
      "nozzle_temperature": 215.0,
      "bed_temperature": 60.0,
      "print_speed": 120.0,
      "material": 1.0,
      "fan_speed": 50.0,
      "source": "pla_sweep",
      "predicted_strength": 20.297780990600586,
      "print_time_hours": 0.1526982060185185,
      "energy_kwh": 0.0305396412037037,
      "strength_per_hour": 132.92743588709203,
      "strength_per_kwh": 664.6371794354601
    },
    {
      "layer_height": 0.2,
      "wall_thickness": 3.0,
      "infill_density": 30.0,
      "infill_pattern": 1.0,
      "nozzle_temperature": 215.0,
      "bed_temperature": 60.0,
      "print_speed": 120.0,
      "material": 1.0,
      "fan_speed": 75.0,
      "source": "pla_sweep",
      "predicted_strength": 20.200969696044922,
      "print_time_hours": 0.1526982060185185,
      "energy_kwh": 0.0305396412037037,
      "strength_per_hour": 132.2934317486025,
      "strength_per_kwh": 661.4671587430125
    }
  ]
}