scenario,baseline_awt,baseline_aql,ctrl_awt,ctrl_aql,awt_delta_pct
uniform_low,2.210482456297859,3.01,1.8233941452066451,2.485,-17.511485331555793
uniform_med,4.757138567968863,13.293333333333331,2.133975953165018,4.056666666666667,-55.1416061845734
uniform_high,9.581348409741379,29.945000000000004,3.880698818846783,9.283333333333333,-59.49736244951422
asymmetric,5.466923237249289,12.853333333333332,2.583761875412643,3.5766666666666667,-52.7382814192819
sumo_rl_horizontal,11.162549814830763,26.73166666666667,4.826586514980991,13.545,-56.76089607619665
sumo_rl_vertical,11.10300640906064,27.005,5.297507844070068,13.46,-52.287626892235046
sumo_rl_vhvh,11.033013758365115,26.903333333333336,5.539299785623451,11.408333333333333,-49.79341178267259
