scenario,baseline_awt,baseline_aql,ctrl_awt,ctrl_aql,awt_delta_pct
uniform_low,2.265877316064139,3.0675,1.9738352711422564,2.605,-12.88869626132997
uniform_med,4.718013406286378,13.135,2.0333992304445525,3.9125,-56.901368111095024
uniform_high,9.535798362017175,29.6175,3.84271680148179,9.247499999999999,-59.70220158190391
asymmetric,5.425305481392584,12.782499999999999,2.498399415460831,3.6275000000000004,-53.94914767417789
sumo_rl_horizontal,11.111156345754459,26.622500000000002,5.480613675267778,14.0475,-50.67467773179248
sumo_rl_vertical,11.048588312154067,26.6725,5.293646069351244,12.675,-52.08757969986142
sumo_rl_vhvh,11.024646961928749,26.7875,7.040529275713221,10.844999999999999,-36.13827907572753
