controller,scenario,n_seeds,awt_mean,awt_std,awt_min,awt_max,awts
baseline,uniform_med,10,22.113079697698684,2.4098621790533343,18.95524017467249,26.150837988826815,"[26.150837988826815, 18.974117647058822, 25.25391498881432, 23.87131952017448, 22.14207650273224, 23.06681270536692, 18.95524017467249, 21.50955414012739, 19.347079037800686, 21.85984427141268]"
ctrl,uniform_med,10,22.113079697698684,2.4098621790533343,18.95524017467249,26.150837988826815,"[26.150837988826815, 18.974117647058822, 25.25391498881432, 23.87131952017448, 22.14207650273224, 23.06681270536692, 18.95524017467249, 21.50955414012739, 19.347079037800686, 21.85984427141268]"
